Taxa,Amylose,Cal.g,Fat,IVSD,Prolamin,Protein,Starch
PI152651,-0.153854924,-38.66981243,-0.002344321,1.250499577,-0.26649509,-0.824984178,1.915682328
PI17548,0.786723853,73.09519994,0.717994292,-2.979574333,0.13362065,-0.30748135,-2.365519951
PI24969,-0.99264111,-56.85255712,-0.215062107,1.695071758,-0.426832553,-0.868898273,2.490460443
PI329435,-0.449012705,5.506994547,-0.05485061,1.460660971,0.282265524,1.138603213,-1.095568211
PI329440,0.277407784,-0.276902627,-0.003690636,0.790915868,-0.125352957,-0.139924296,1.155534938
PI34911,-0.531308708,-65.67685721,-0.535485101,-0.781830392,-0.27778646,-1.390848659,3.090576803
PI35038,0.330425402,57.34229848,0.606190106,-2.807231963,-0.040667677,-0.585338688,-2.143771455
PI48770,-1.20859791,-10.63545672,0.004858745,3.124217925,0.107790266,0.791074926,-1.013395668
PI533750,0.80362742,63.07380001,0.39616495,-0.784139858,0.451636084,1.525047249,-1.635672936
PI533752,-0.070767614,24.72891955,0.015157776,-2.540488655,0.204355067,0.371988583,-1.622337017
PI533754,0.752983726,103.0720542,0.856604714,-0.263355303,0.492285018,1.799824015,-3.215979353
PI533755,-0.116663462,-2.353807827,-0.107356898,3.073822884,0.133219431,1.090925053,-1.863717153
PI533757,0.260790322,-34.40684443,-0.513944059,-1.963122186,0.160318721,-0.308052545,-0.815513909
PI533758,-0.036741382,-42.51215982,-0.577220869,-1.401921979,0.050792426,-0.269157204,-1.738359513
PI533759,1.222162152,-28.28023092,-0.188407004,-1.735245409,-0.176356769,-1.25423768,2.151156887
PI533760,-0.080141804,-16.2432601,-0.034331698,1.318734504,-0.114238463,-0.193610217,0.762998698
PI533761,-0.872362337,-16.50936493,-0.087162172,0.140801225,-0.256332856,-0.619215276,0.919489169
PI533762,0.100946162,-27.7671517,-0.513944059,2.393685184,0.022563999,0.644255972,-0.966209796
PI533766,0.522414609,-11.34155289,0.084401593,-0.347740627,-0.011331875,-0.388615527,1.127165642
PI533769,-0.843875259,22.55886654,0.195563999,-0.451576772,0.29920258,0.663076299,-0.862189626
PI533776,0.288668671,-19.83351487,-0.165999728,0.426376629,-0.055992562,-0.098549909,1.272226152
PI533785,0.552782872,18.2478692,0.113438778,0.505696833,-0.102770215,0.304235408,0.20201672
PI533788,0.225972782,-6.193244351,-0.290455752,1.577288998,-0.015826661,0.402101105,-2.297134525
PI533789,1.054301948,-9.994291753,-0.122951796,-0.831152399,-0.342970854,-0.769277498,0.578334894
PI533792,0.459583984,-21.50027337,-0.44193107,-0.540122996,-0.137181953,-0.146015389,1.13392339
PI533794,-0.768701025,-29.24005153,-0.450667249,-1.455039694,0.14902735,0.144889978,1.15020057
PI533799,0.873262499,23.18179255,-0.173326338,-1.541644664,0.377113038,1.201337634,-0.442108174
PI533800,0.774349034,13.45075669,-0.111395844,-1.262199294,0.210000752,0.679387248,-1.528985583
PI533807,-0.209246465,-41.94890662,-0.040041143,1.116550556,-0.446027883,-1.523845633,1.348905765
PI533810,-1.278303198,-7.398344215,0.00573357,1.124633687,-0.315047984,-0.56777305,1.467595445
PI533814,-0.705396407,-16.10912041,-0.301226273,-1.453884961,0.152414762,-0.032021091,1.008839827
PI533821,0.125820089,-13.918594,-0.242604839,-0.770762257,0.048925351,-0.1139706,-1.722324678
PI533822,0.203816166,-3.733559846,-0.169287393,-0.974670792,-0.036151128,0.072118049,1.694306071
PI533824,-0.233378131,61.21294693,0.692193685,0.566899004,0.097749277,0.463045111,-2.564240019
PI533830,0.423008405,0.254331009,-0.219101052,0.210085201,-0.109545038,-0.109811774,-0.282077144
PI533831,-0.550300094,-4.162913058,-0.056196925,2.490682751,0.162576995,0.9014671,-0.671485983
PI533833,0.675435569,-28.68407551,-0.645882939,-2.605153699,0.115153238,-0.422229192,-1.027555024
PI533838,-0.50816465,-53.29766627,-0.327184676,2.113203461,-0.23373678,-0.906140259,0.357246925
PI533839,-0.100306028,-5.997558039,-0.271529141,-0.513735678,0.392074468,1.121696898,1.244977
PI533841,-0.135654847,-31.56292519,-0.248719984,2.188142722,-0.11631986,0.112268078,0.248692437
PI533842,-0.038323997,-31.84382407,-0.19756001,1.029945586,-0.11631986,-0.177564949,1.080853791
PI533843,0.172955165,4.456170753,0.168637697,-1.548573062,0.116282375,-0.133650854,1.499601651
PI533845,0.12170366,-40.88765539,-0.321371324,-1.492403809,-0.156001158,-0.741909107,2.424005174
PI533852,-0.764587843,43.02086513,0.500241386,2.322931104,-0.022598738,0.924734001,-1.30779579
PI533855,0.277407784,27.52189859,0.090551421,0.310546966,0.366950804,1.182517308,-0.175389791
PI533856,-0.130115693,-45.17706061,-0.351039932,0.301309103,-0.242783211,-0.619215276,2.062377439
PI533863,-0.061271921,20.16031029,0.021889351,0.811701061,0.116282375,0.698207575,-0.619475898
PI533866,-0.350071231,-16.2878457,-0.029207906,3.229059349,-0.205966495,0.148283204,1.210958522
PI533869,0.448330252,-27.68419193,-0.216408422,-0.784139858,-0.106157626,-0.346947887,0.960830519
PI533871,-0.064437152,-26.53876488,-0.124858995,-0.422708449,-0.27778646,-1.062120291,1.552945328
PI533876,0.183242165,-23.85057714,-0.053504294,1.311700422,-0.13551519,-0.572791804,0.259361172
PI533877,1.39077775,-12.14451651,-0.178711599,1.725094814,-0.229233567,0.304235408,0.113999654
PI533878,-0.463708693,-46.06943283,-0.545200681,2.652999397,-0.241586856,0.235627542,0.758775389
PI533882,0.051885083,-19.51629285,-0.052157979,3.062275555,-0.301498339,-0.409682308,0.66877389
PI533901,0.088285239,-37.70340384,-0.240642094,0.337105824,-0.350051233,-1.244050113,-1.219592259
PI533902,0.248920706,49.83516672,0.661389025,-0.396149591,0.037242781,0.255302559,-0.10470942
PI533903,0.284529554,33.86177178,0.326156564,-0.333794012,-0.009051839,-0.21646029,-0.83018342
PI533910,0.196694397,35.77566831,0.256148179,-0.61208465,0.101603594,0.202605645,-1.846380458
PI533911,1.753987995,40.05755696,0.191525054,-0.868435362,0.204355067,1.038228139,-2.94926097
PI533912,-0.659680718,0.642759326,0.042186087,2.362587162,-0.060857596,0.029118834,-2.366197679
PI533913,0.617670105,51.98484365,0.762362657,-1.625940169,-0.057604733,-1.010678065,-1.016886288
PI533915,-0.232985697,24.30393264,0.001694625,0.514934696,0.371467352,1.722033332,0.238023702
PI533919,0.15396378,81.84745116,0.070356695,-3.05780901,0.783602381,1.792295884,-3.697406033
PI533924,1.036364419,52.55785264,0.4601303,-0.145173143,0.187792361,0.77066042,-2.39378656
PI533927,0.932610579,42.91748598,-0.287763122,-1.839565762,0.475347962,1.074614103,-4.452219056
PI533936,0.215564732,16.46204616,0.157612778,-0.96389249,0.06006828,-0.440364166,-0.610755812
PI533937,-0.415474689,-36.31040884,-0.105095693,-0.854326269,-0.19707698,-1.026387442,2.199659599
PI533938,-0.7087411,-26.20710433,-0.357153438,0.832761365,-0.112568122,-0.253265737,-0.088082844
PI533939,-0.5305174,7.856066021,0.120170354,-0.143263078,-0.002277016,-0.294250973,-0.62747745
PI533940,0.339129787,25.82486182,0.122862984,-0.822246045,0.320656184,0.839987367,0.11133247
PI533943,0.699966108,35.4685716,0.167291382,0.033411061,0.274361565,1.321787724,-0.087372725
PI533948,1.147846279,12.07828185,0.083819846,-1.038181104,0.111765827,0.138616535,0.029983363
PI533949,-0.035158766,7.230229135,0.39885758,2.360197929,-0.156968794,-0.195130587,-0.499452626
PI533954,0.805723186,59.23122252,0.205852451,-1.81344654,0.550664112,1.580136988,-0.589923192
PI533955,0.571183426,7.223866051,-0.186205217,-2.345094726,0.13172596,-0.249045209,-0.097098213
PI533956,1.355168902,61.52812845,0.642540613,-2.740257453,0.104991005,-0.363258836,-0.310082574
PI533957,-0.529726093,2.012496028,-0.330845205,-0.858042766,0.220162985,0.404610482,-0.938204365
PI533961,0.670687722,-35.76330949,-0.388736755,-2.061274486,-0.170518439,-1.474912784,1.014174195
PI533962,0.599470027,-63.81681177,-0.757627093,-3.276053535,0.139994254,-0.752212249,1.1288631
PI533964,0.434086713,25.92528681,0.339619715,-1.662891623,0.143381665,-0.019474207,0.109998878
PI533965,-0.448221397,-8.706779937,-0.134283201,-1.534716267,0.193063696,0.114777455,-1.400960759
PI533967,0.510843562,2.600491614,-0.081776912,0.085374044,0.094828771,0.296707277,-0.024693905
PI533970,0.593930873,-3.845628311,-0.12351268,-1.405386178,0.039501055,-0.443558896,-0.026027497
PI533972,0.425382328,-27.34362023,-0.488364072,-2.158272053,-0.073412652,-0.940415513,0.316705625
PI533976,-0.420318179,90.44082972,0.811224299,-2.901455732,0.30058218,0.381703202,-2.077133464
PI533979,1.26575113,27.06052581,0.303269208,1.859043835,-0.243912348,0.508749622,0.674108257
PI533980,0.004804644,25.27742369,0.211533088,0.412295977,0.085197434,0.403467406,0.560838848
PI533985,0.409556174,-16.60105731,-0.147746352,-0.758735733,-0.105028489,-0.787343525,1.158202122
PI533986,0.258416399,22.80046868,0.19825663,-0.717165347,-0.060992144,-0.266647827,-0.392765273
PI533987,-0.345203947,-67.56223542,-0.682829293,-1.385080551,-0.131385449,-1.158280348,1.856821885
PI533989,-0.052567536,-23.38483806,-0.135629516,0.793225334,-0.12422382,0.016911758,-0.611474347
PI533991,0.352582018,6.816885704,-0.336230466,-1.080906223,0.249520549,0.931579622,-0.143383585
PI533996,0.026563236,27.59467032,0.187486109,-0.457350437,0.14902735,0.459816773,-0.028694681
PI533997,0.593930873,-23.61625217,0.00573357,1.986064458,-0.284561283,-0.484963614,2.274418553
PI534009,0.07606533,-5.922674605,-0.055475651,-0.001736215,-0.069630035,-0.17820757,0.840915764
PI534021,0.11293496,-70.59731588,-0.710032967,1.43763395,-0.338174919,-0.611242676,2.59167284
PI534028,-0.536056554,45.77887044,0.545605926,-0.001230927,0.071116893,0.594068435,0.138004308
PI534037,1.047350198,-9.229280965,-0.052157979,-0.565895333,0.219033848,-0.023238272,0.875480636
PI534046,1.092454739,19.61888861,0.20094926,-0.918088878,0.117411513,-0.009436699,-1.248931281
PI534053,-0.980771495,-46.38070504,-0.033309568,1.096920096,-0.420057731,-1.231503229,2.297089615
PI534054,-0.915884261,32.99433275,-0.041387459,0.129253895,0.386146134,1.601583243,-1.707686899
PI534063,0.297171704,-2.756597019,-0.226198746,-0.291564121,0.130635662,0.670401448,0.770489393
PI534070,-0.021724541,41.42556551,0.216548312,0.913809643,0.015250457,0.652383152,-1.146018301
PI534075,-0.451386628,-7.865538727,0.219797671,1.886757425,-0.193101181,-0.592866819,-0.27940996
PI534079,-0.239150409,-53.86943227,-0.366453751,0.714187781,-0.150671131,-0.709958892,2.199035604
PI534088,0.327240809,-7.354154113,0.010540371,1.87186316,-0.238852348,-0.328377127,0.419503551
PI534092,0.109650547,-19.96747758,-0.357771507,2.190452187,0.085795675,0.76596075,-0.43944099
PI534096,-0.994223726,37.43486377,0.241338713,1.446804176,0.492285018,1.587781671,-2.170443293
PI534097,0.486021514,61.09057979,0.601468228,-0.00738851,0.077289003,0.822114063,-0.147572511
PI534099,-0.285212006,-66.20954628,-0.474900921,0.616551195,-0.346663821,-1.37453771,2.514465097
PI534101,0.023592459,-0.188634031,-0.003690017,-1.576741002,0.018108439,-0.611793021,0.666609919
PI534105,0.423799713,-48.48817436,-0.635112418,-0.207928122,-0.210038236,-0.646818421,1.736981012
PI534108,0.631122336,-17.44520939,-0.010422211,-0.343031876,-0.251816308,-0.976801478,0.227354966
PI534112,0.355747249,-23.78508258,-0.391429385,-0.731022143,-0.150193972,-0.684459074,0.198015944
PI534114,0.051885083,11.02018088,-0.305265218,-2.524322394,0.423407657,0.305490096,-0.863523218
PI534115,-0.375421087,-14.31602496,-0.298533643,-0.149036743,0.088053949,0.311763539,0.611429437
PI534116,0.475550336,103.1638054,0.749144187,-3.172225001,0.560549422,1.133663469,-2.522199358
PI534117,0.572565565,55.46624326,0.33288814,-3.988523757,0.456152632,0.011893004,-1.222259443
PI534123,0.585141056,49.4127124,0.456325675,-0.391806321,0.16741208,0.602595984,-2.83916845
PI534124,0.698383493,74.97197802,0.60215116,-1.908849738,0.150156487,0.419666743,-2.833238474
PI534127,0.142275455,64.51787456,0.136860494,-2.082553675,0.557022661,1.475756946,-2.730729641
PI534128,-1.557634824,2.673263345,-0.058889555,1.899459487,0.2145173,1.218903272,-0.710160148
PI534132,-0.571814814,0.419204401,-0.079915902,0.614005695,0.323716141,1.130434279,-0.864896732
PI534133,-0.080817918,33.15469815,0.547947139,2.37872171,0.004865751,0.490263548,-1.365998937
PI534135,-0.981504351,3.06229989,0.001227716,1.884382395,-0.024842796,0.601768317,-0.734019464
PI534137,-1.197589811,-24.31777165,0.152481916,2.174285926,-0.007922702,-0.153725869,1.330235478
PI534138,-0.891638717,9.427572673,0.099477365,-0.763719024,0.113610456,-0.197312536,0.075838949
PI534139,-0.355296772,-23.31763933,-0.023794099,-0.554637794,-0.172474534,-0.847699729,0.088749176
PI534144,0.179285627,65.1376063,0.511948048,-2.166355183,0.396308368,0.532588702,-4.234843574
PI534145,1.342913338,-37.1397968,-0.425138408,4.071894761,0.208661084,1.277925004,-2.107029239
PI534148,-1.31232943,17.34258886,0.06901038,3.865969679,-0.164872754,0.753413865,-0.922201262
PI534155,0.808375266,41.71820786,-0.13159057,-0.943493003,0.313881362,0.619162204,-2.015746631
PI534157,-0.407864703,2.383631856,-0.021192732,-1.821090035,0.132090294,0.003110185,0.974166438
PI534163,0.508469639,6.56364008,0.296537632,-0.639798241,0.200967655,-0.171291507,-1.763697759
PI534167,-1.151429826,35.24161037,0.296411782,0.592495862,0.058545228,0.398201034,-0.587190081
PI540816,-1.077744028,-17.41336152,-0.219261492,-0.681246935,0.154933824,0.220281783,1.01198992
PI542406,0.912209007,60.38428648,0.262464286,-1.030330632,0.305893094,0.700038365,-4.0603442
PI542718,0.210044711,55.86621577,0.616503913,-2.126795934,0.098565924,-0.155596151,-1.260974019
PI548797,0.731618417,-16.2939606,-0.232564203,-0.455040971,-0.179551536,-0.226497797,1.873007387
PI552856,-0.477499783,27.87120289,0.019196721,-0.308389888,0.381629586,1.501208169,-0.812846726
PI552861,-0.841501335,-43.36941081,-0.087162172,2.051884235,-0.315047984,-0.699515335,2.181067119
PI561071,-1.108172038,-66.09311151,-0.311996794,0.84287885,-0.429090827,-1.474912784,3.47865205
PI561072,-5.260163658,-1.765812241,0.350390236,1.676596031,-0.210038236,-0.451087026,0.204683904
PI561073,-1.799774987,-32.45656204,-0.087162172,0.503387367,-0.120836408,-0.377060409,0.399388323
PI561472,-0.130517298,-69.71456417,-0.525783538,-0.689856996,-0.264299302,-1.237409666,1.744557378
PI564163,0.063754699,-38.36562659,0.067664065,-0.941183537,-0.52055093,-1.589089431,2.69049923
PI564164,-1.225285581,-22.26269797,-0.228525258,0.852116714,0.121928061,0.530079325,0.304703297
PI564165,-0.598569865,-24.710739,-0.219101052,1.387912796,-0.054217321,0.314272915,0.41139065
PI565121,-1.078939885,-90.3541943,-0.606177106,-0.933803588,-0.343345591,-1.706284236,3.011650011
PI566819,0.46653033,39.69660917,0.284420796,-3.293374529,0.178384914,-0.353221329,-1.707686899
PI576130,-0.387553798,-85.66259313,-0.374237026,-0.516303639,-0.590072819,-2.106119758,3.621877023
PI576332,1.058428507,40.84494708,0.082473531,-3.249494678,0.462927455,0.359441699,-0.714160924
PI576333,-0.892936337,-12.45452408,0.182100848,-1.202153181,-0.071154377,-0.740920053,2.29308884
PI576339,0.437251944,8.724960489,0.125555614,2.235486772,-0.049700773,0.609124696,0.823470552
PI576340,-1.333935864,-57.63477037,-0.379347537,-1.069993575,-0.291751408,-1.290927313,3.552980543
PI576345,0.104902701,-3.56472943,-0.069660076,0.109623435,-0.204392551,-0.464888599,0.679442625
PI576347,0.332008017,29.13452014,0.478290171,0.073826714,0.219033848,0.133597782,-0.851520891
PI576348,-0.287704885,98.25267908,0.598608447,-1.791151662,0.457364217,1.048678577,-4.295989778
PI576349,1.379721817,104.3559141,0.734192542,-1.831679474,0.456151165,1.3011744,-3.0984188
PI576350,0.798185786,57.33167565,0.40324042,-0.9638405,0.223398919,0.242357482,-1.374355216
PI576352,0.437582685,26.46545962,0.167207549,0.280417963,0.114084445,0.585829261,0.021852594
PI576359,-0.092132922,73.90805531,0.973734128,2.192761653,0.127573746,0.985531225,-0.571466589
PI576364,0.897313053,19.79992223,-0.101651861,-3.38240405,0.170460344,-0.469684589,-0.70270517
PI576366,0.761893438,36.01004722,-0.115307844,0.090684296,0.161518942,0.686796233,-1.354114659
PI576373,0.051093776,-21.71690999,-0.196213695,-0.180214532,-0.021472347,-0.083463316,1.27555821
PI576375,-0.22507262,-1.270964471,-0.12082005,1.217012322,0.095957908,0.551409028,-0.202061629
PI576376,-0.592239403,23.07554583,0.056893544,0.22163253,0.277748976,0.939107753,-0.908865343
PI576380,0.028145852,-33.26723912,-0.535485101,-0.744878938,-0.037280265,0.203860334,1.162202897
PI576381,-0.145941847,-6.140848705,-0.259490505,1.089991699,-0.01243925,0.152418108,0.331375136
PI576385,-0.177448838,11.18892984,-0.058952591,2.378733822,0.30865516,1.196255584,-1.043137162
PI576386,-0.180759387,23.09155561,0.254801864,-0.71023695,-0.083574885,-0.23277124,-0.880859913
PI576387,1.06080243,16.31214115,-0.041387459,-0.55319327,0.259682783,0.96545621,-0.191392894
PI576390,-0.772657564,-10.30630258,-0.139668461,1.45604204,-0.014697524,0.216407218,-0.948873101
PI576391,-0.174428925,28.76920605,-0.061582185,1.376365467,-0.037280265,0.826185794,-3.485364919
PI576393,0.510843562,12.97774044,-0.046772719,-2.571666444,0.234841767,-0.393371358,-0.878192729
PI576394,0.669896415,44.92598575,0.591380639,1.233178583,0.018047451,0.530079325,0.171344106
PI576396,0.282155631,-5.468437911,-0.115434789,-0.950421401,-0.252945445,-0.565263673,-0.71149374
PI576399,-0.489178832,11.6612177,0.391083214,-0.39038705,-0.274841799,-1.159684352,1.170540934
PI576401,0.045554622,27.13038667,0.314039728,0.952578479,0.011272628,0.806110779,-1.010218329
PI576418,-0.837646314,-47.4144434,-0.444994938,-0.2289389,-0.153502784,-0.723433028,2.004030686
PI576422,0.569400334,-23.97283365,-0.190828435,-0.139798879,-0.136644327,-0.057114859,1.210212206
PI576425,0.926280117,20.27674506,-0.433165153,-2.644414619,0.347755474,0.265340067,-2.329140731
PI576426,-0.625474327,-33.35165433,-0.382005179,1.757427336,-0.294723516,-0.574046492,1.404916626
PI576428,0.690470416,-23.48089675,-0.425087263,-1.259889828,-0.072283514,-0.354476017,0.874147044
PI576434,-0.421316935,-50.96241322,-0.337576781,0.786296936,-0.197617729,-0.643054356,1.492933692
PI576435,0.623209259,12.5469318,0.289806057,0.744726551,-0.17390585,-0.109811774,0.6341005
PI576437,0.286112169,-2.949080586,0.188832424,0.520708361,0.159189584,0.06333523,-2.151773006
PI585291,-1.722226831,-1.310261206,0.241338713,2.38791152,-0.145677424,-0.04080391,-0.452776909
PI585295,-4.937310108,29.11705493,0.157867177,2.258581431,0.235970904,1.607856685,-2.45449837
PI595699,-0.461673629,6.968250904,-0.174672654,-0.632869843,0.177255777,0.546390275,0.215352639
PI595702,2.093994596,18.82853849,0.223518622,-1.092464279,-0.030141469,-0.744486296,-1.04977229
PI595714,0.19194655,-43.76383359,-0.219101052,1.428328449,-0.278915597,-1.000640558,1.047513993
PI595718,-0.443605456,-37.0162687,-0.166173795,1.787457486,-0.110368698,-0.364579615,0.845772321
PI595720,-0.151481001,-51.2476784,-0.200252641,1.11424109,-0.350051233,-0.899010795,1.587618718
PI595739,0.084459155,37.02243868,0.263642028,1.548117626,0.132762135,1.161312347,-0.485940902
PI595740,0.021024082,23.9153316,0.196910315,-2.631712557,0.056438111,-0.601649638,-0.514122137
PI595741,-0.528143477,-2.2097198,0.366546017,1.43641158,-0.245041486,-0.619215276,1.648963946
PI595743,0.962680272,37.73759417,0.222490301,-0.348805541,0.243874864,0.624180957,-1.516983256
PI595744,0.214894474,-15.71906393,-0.088508487,2.312853879,-0.233750115,-0.082208628,1.33156907
PI595745,0.801313499,55.98081742,0.641378523,1.378834014,-0.120995233,0.089302918,-2.400856668
PI597945,-0.859999778,-46.22267355,-0.309125289,3.042186381,-0.27512452,-0.348412532,-1.594593673
PI597946,0.199859628,48.41175167,0.217105041,-0.622477247,0.313881362,0.892684281,-1.152912663
PI597949,0.434878021,42.12718498,0.419052306,0.714703494,0.24161659,1.222667338,-0.828849829
PI597950,-0.727982813,-42.89507243,-0.076279796,2.347179692,-0.203113835,-0.70155306,1.860501985
PI597951,0.43171279,-35.06179001,-0.322767315,1.329021417,-0.083574885,-0.187602456,0.635434092
PI597952,0.131015856,-3.48904683,0.06901038,1.07498017,-0.019214072,0.168729058,0.160675371
PI597957,-0.028036997,-1.099223186,-0.029270623,0.238953524,0.159189584,0.51000431,0.548750617
PI597958,1.591638289,71.2089875,0.532439047,-1.794342713,0.364137459,0.527929515,-0.979791483
PI597960,0.816288343,12.83510785,-0.021192732,3.079596549,0.011272628,1.220157961,-0.34208878
PI597961,-0.210575767,-45.67377793,-0.333041019,-0.792834653,0.008732608,-0.343934865,1.01484825
PI597964,0.673852953,-23.95682387,-0.251412614,-2.304923136,-0.07002524,-0.565263673,0.210018272
PI597965,-0.121411308,-57.66614507,-0.691657653,-1.638642231,0.032726233,-0.651837175,0.992836724
PI597966,0.914410501,-32.35468162,-0.3927757,-1.814161637,-0.118578134,-1.354462695,0.720783974
PI597967,0.305788778,-23.0006545,0.060811191,0.232913986,-0.102462684,-0.389273702,0.726156872
PI597968,0.017858851,32.53587085,-0.114088474,-1.610928641,0.397437505,0.826185794,-0.915533303
PI597971,0.59455788,39.70553881,0.212640645,-0.367272902,0.311745286,1.189299859,-2.430762966
PI597972,-0.966527956,15.75179883,-0.022539047,0.395997204,0.097087045,0.482401165,-0.316750534
PI597973,0.296708905,17.73531356,0.178984112,0.59242709,0.08135962,0.43471027,-0.671357354
PI597976,-0.018816257,11.8639417,0.290381329,1.448189818,-0.043407545,-0.105803565,-0.30389033
PI597980,0.112815778,14.15664248,0.413667046,2.441029235,-0.01243925,0.379516714,-1.023554248
PI597982,0.652487645,9.505073444,-0.317382054,-1.811852172,0.103861868,0.005619562,-0.055366519
PI598069,-0.021638595,13.90177033,0.017561314,-1.602331092,0.109379842,0.002009192,-0.262728092
PI598070,0.521800692,43.6543586,0.319335085,-0.428895135,0.173225408,0.771048247,-0.616724728
PI601816,-0.449804013,-45.99210399,-0.19486738,-1.018550644,-0.115190723,-0.955471774,1.910347961
PI607931,-0.064175368,-23.67065862,-0.161525686,0.712803135,-0.129226188,-0.32012782,0.560504817
PI609456,-0.604742532,38.55059752,0.068534674,0.460081478,0.257333132,1.518531946,-1.055232502
PI613536,-0.775895706,-10.52808301,-0.200930767,1.645248066,-0.14426683,0.224686926,-0.716594612
PI629034,0.877219038,-1.461626406,0.051508284,0.06805305,-0.272140775,-0.488727679,1.495600876
PI629040,-0.853370951,-28.73064942,-0.013114841,2.624631772,-0.261978542,-0.592866819,0.550084209
PI629059,0.173844218,-47.51084077,-0.061102576,0.72283497,-0.395793292,-1.182448176,1.841728385
PI641824,-0.096293241,68.92610406,0.801685331,-1.836145452,-0.180639356,-0.177121491,-1.580357878
PI641836,0.362077711,39.02710925,0.428476512,-2.112082735,-0.080187474,-0.802399786,-0.884860689
PI641849,0.434086713,71.11216541,0.771786863,0.247036655,0.094828771,0.545135586,-2.814568187
PI641874,-0.921229113,-11.46292413,-0.395304384,3.285037831,0.106736184,1.140326075,-1.170258042
PI642791,0.352582018,-16.9285301,-0.380658864,-1.445801831,-0.033892854,-0.11232115,0.504742084
PI642793,0.459185293,-3.470121297,-0.176107283,-1.260664812,0.113388171,0.353468828,0.20447926
PI642992,0.461036672,-9.487175848,-0.0190259,0.123733538,-0.193092381,-0.595314755,0.968925565
PI642998,-0.705396407,47.83248869,0.13767245,0.09576664,0.123057198,0.56646529,-5.80048048
PI651492,-0.35211014,-19.79187583,-0.172422468,-1.322226271,0.021502155,-0.653213435,-1.161336415
PI651496,0.407182251,-15.69141067,-0.287763122,-1.986216845,0.388404408,-0.072171121,-2.646535606
PI653616,0.342827461,34.56365966,0.248783371,-3.330805249,0.170584454,-0.109528823,-1.733913893
PI653617,1.031524044,54.42997381,0.279035536,-2.885753803,0.380500449,0.447269889,-1.47830909
PI655970,1.021235883,36.75654404,0.379515392,-0.008998358,0.183635824,0.809461399,-0.339814599
PI655971,-4.080496799,-26.46429121,0.083672138,2.984072886,-0.048506239,-0.221060317,-0.101056071
PI655972,0.045554622,36.9778573,0.606190106,-0.120168419,-0.086962296,-0.35196664,0.494073349
PI655973,-1.050406574,15.50146407,0.386740744,2.563430926,-0.151323109,0.251538494,0.101997327
PI655974,1.037854506,6.838717223,0.207680835,-0.311854087,0.005626943,-0.042058598,0.419392202
PI655975,0.555132951,-24.32915233,-0.259218979,0.859065259,-0.353596634,-0.662769344,1.814374984
PI655976,-0.568500171,-34.83910851,-0.000998005,0.390223539,-0.398604126,-1.434762754,2.719838252
PI655977,-0.025663073,-19.66038088,-0.417009372,-0.8557333,-0.003406153,0.014402381,-0.010024394
PI655978,-0.166515848,-26.47763663,0.062278804,1.025326654,-0.204392551,-0.841295127,0.738120669
PI655980,1.454610567,-16.39345053,-0.450769661,0.65039064,-0.17971165,-0.460345293,-2.536002064
PI655981,0.308771308,17.49152824,0.181319722,0.366960113,0.273824073,0.90119778,-1.377757274
PI655982,1.225394436,0.149539717,-0.272953656,0.457198049,-0.075670926,0.252793182,-0.244736571
PI655983,0.676226877,22.01162312,0.109399833,-3.569355701,0.179514051,-0.600394949,-0.426105071
PI655984,0.32409494,-32.77821309,-0.290455752,0.302463836,-0.044055088,-0.067152367,1.086188158
PI655985,0.343877633,-8.511751698,-0.112742159,0.103849771,-0.123094682,-0.045822664,1.24088482
PI655986,-0.212411696,-4.82222494,0.055547229,1.305926758,-0.187455495,-0.008182011,0.931491496
PI655987,0.367939326,19.56426667,-0.106917606,-0.442945634,0.207876083,0.961377604,0.155431126
PI655988,0.227783704,-18.07869857,-0.04619472,-0.604678259,-0.179942194,-0.705400595,1.82343446
PI655989,0.491060869,0.861247245,-0.081776912,-0.396149591,0.024822273,0.166219681,0.367382117
PI655990,-0.277298929,-18.53678535,-0.112742159,1.753963137,-0.092607982,0.077136802,0.406056283
PI655991,0.362077711,-20.47979057,-0.297187328,-0.672130763,0.016918314,-0.04833204,1.603621821
PI655992,0.745070648,-29.01737004,-0.06562113,-1.452730228,-0.090349708,-0.635526225,2.197070222
PI655993,0.007571851,-21.70817738,-0.46143777,-2.008156771,0.097087045,-0.298015038,1.67963656
PI655994,-0.062063229,33.47025987,0.384048114,-0.485064027,0.007885217,-0.11232115,-1.390292024
PI655995,-0.257002578,66.81760106,0.383491315,-2.041202171,0.418275014,0.881938497,-5.376237712
PI655996,0.334843179,-6.76433915,-0.041622035,-1.056842733,-0.250839109,-0.54054257,0.935213969
PI655997,-0.676118021,-19.14079072,-0.111395844,1.77474833,-0.049700773,0.247774429,1.448925159
PI655998,-0.04069792,-33.21775435,-0.193521065,-0.328020348,-0.30488575,-1.215192279,1.767653626
PI655999,0.261937667,50.9835749,0.382634505,-1.322856079,0.147874105,-0.072624492,-0.281448954
PI656000,0.45624333,29.19128209,0.301922892,-0.669821297,0.089183086,0.191313449,-0.359425475
PI656001,-1.237946504,-12.32207953,-0.017153787,0.663895245,-0.274399049,-0.49625581,1.383579155
PI656002,0.183242165,-19.95437867,0.031313557,-0.034718182,-0.26649509,-0.725863792,2.442451134
PI656003,0.540121948,-4.681047782,0.237299768,-3.10861726,-0.476514584,-2.226471153,0.632766908
PI656004,0.166036756,30.87278617,0.219517071,-0.961624384,0.237419997,1.054464742,-1.073281806
PI656005,1.51591051,15.65150609,0.125045437,-0.981750405,0.11457862,0.164796067,-0.048192847
PI656006,0.841610191,0.942751584,0.07708827,-0.797996653,-0.049700773,-0.097264889,0.427393753
PI656007,1.418325991,31.52227035,0.366346383,-0.927011046,-0.123445999,-0.040766679,0.688383896
PI656008,0.545661102,-67.48596244,-0.489710387,-2.073976548,-0.263107679,-1.300511092,2.533135384
PI656009,-0.367151538,-24.71919795,-0.268227645,-0.344750417,0.091510548,0.412094251,-0.268373038
PI656010,0.588391719,-13.93179022,0.237299768,0.583063939,-0.443769609,-0.921595187,1.542276593
PI656011,-0.196950668,-23.9669853,0.011754348,1.655203441,-0.441066239,-0.572304125,0.757429966
PI656012,-0.948327878,-15.81075631,-0.007729581,3.041490362,-0.132127779,0.284160393,0.464734327
PI656013,-0.166515848,49.69690043,0.638501668,-3.343028046,0.051921563,-0.794871656,-0.239402203
PI656014,0.628452652,102.9378172,1.158174802,-3.229474169,0.445737426,0.546608562,-3.626310723
PI656015,0.055567839,-6.98119524,0.034190992,2.568635418,-0.085330745,0.334873973,0.067840542
PI656016,-0.157811463,-13.49079353,0.136326135,0.59114707,-0.316177121,-0.680695009,0.888816555
PI656017,-0.996851368,-79.01676244,-0.475070458,3.314644793,-0.446620348,-0.479846328,0.550783969
PI656018,-0.006808592,10.93065528,-0.368050105,-0.752062218,0.235241535,0.855025512,0.005857592
PI656019,0.230720629,-6.255828039,-0.220447367,-1.483908017,0.066600345,-0.143688361,1.158202122
PI656020,-0.524146136,22.23407578,0.133417134,1.011103188,0.262156008,1.080424073,-0.612100285
PI656021,0.265659262,5.174061662,0.071976145,1.658051188,0.119388381,0.495409438,0.17392891
PI656022,-4.216428772,8.445517042,0.157867177,0.913317559,0.190805422,0.669349741,0.522078779
PI656023,0.398477866,-16.19790192,0.116131408,-0.13633468,-0.476514584,-1.240286048,2.779849888
PI656024,0.020232774,-34.15942055,-0.176018969,0.380985675,-0.216813059,-0.550207412,0.874147044
PI656025,0.619000152,37.03657266,0.553485984,-1.134538895,0.127973253,-0.370136392,-1.039486015
PI656026,-0.326360008,-61.20867293,-0.19756001,-0.74949787,-0.330855903,-1.257851686,2.666494575
PI656027,-0.21795085,-56.94716037,-0.649921885,-0.868435362,0.103861868,-0.149961803,1.462261078
PI656028,0.510843562,-42.03768813,-0.548948252,-0.614394116,-0.217942196,-0.436030765,1.510270387
PI656029,-0.619143865,39.45355159,0.925266785,2.369435793,-0.371504837,-0.622979341,-0.896863016
PI656030,-0.312129576,-11.08904317,-0.232583478,1.698441407,0.062958359,0.764427532,-0.508995554
PI656031,-0.427647396,-48.640995,-0.333537836,-0.22293965,-0.027118032,-0.5514621,2.071712582
PI656032,-0.901640722,5.384738039,0.397511265,-1.012776979,-0.281173872,-1.14242035,1.662299865
PI656033,-0.559004478,-9.924978713,-0.18678949,0.962971076,-0.079058337,0.442251135,0.660772338
PI656034,-0.20054208,-50.03239049,-0.228525258,-0.905386816,-0.14341915,-0.846313881,2.28642088
PI656035,-0.016167381,-28.59092769,-0.072352706,0.536874622,-0.084704022,-0.281704088,1.110192813
PI656036,0.021566167,-73.42055633,-0.553469836,-0.368749341,-0.354850241,-1.263110653,1.687775187
PI656037,-0.698312984,-94.84367811,-0.592113518,-1.279353731,-0.617959366,-2.15044126,3.268648903
PI656038,0.822609235,5.703903997,0.038856822,-2.20231306,-0.138827263,-1.179162456,0.368272651
PI656039,-0.316515888,-15.69501944,-0.074248694,1.864144867,-0.197563589,-0.070654003,-1.356357335
PI656040,-1.414759116,-40.6445188,-0.23956025,3.02745304,-0.146113519,0.306503818,0.280044148
PI656041,-0.72907271,-25.96775596,-0.17105357,1.955343781,0.002966124,0.236674672,1.023035242
PI656043,-0.451391519,-82.17928317,-0.333041019,-0.842190759,-0.341326644,-1.5076317,3.310087622
PI656044,-1.379866208,-61.5923733,-0.416305004,0.596568694,-0.43431242,-1.128696041,1.767291256
PI656046,0.251294629,28.77502779,0.157867177,-3.075130004,0.377113038,0.328074488,-0.204728813
PI656047,-1.45159959,-53.8121542,-0.13159057,2.264355095,-0.477643721,-1.082195306,2.53713616
PI656048,0.861392884,-45.04752693,-0.291802067,-0.47813563,-0.149064835,-0.811182605,2.329095821
PI656049,0.736150446,9.320346583,-0.116802123,-1.616416816,0.202821428,0.564474135,0.766417432
PI656050,-0.12062,-21.85954258,-0.122166365,1.533409146,-0.180680673,-0.159999311,1.015507787
PI656051,0.13655501,-47.57416142,-0.225832627,-1.518550006,-0.325210217,-1.390848659,1.790324688
PI656052,-0.574477028,-20.56677257,-0.104990657,2.663252561,-0.249920038,-0.223140514,0.526685763
PI656053,-0.318446931,-1.278241644,-0.0629285,-1.246033032,0.12983202,0.245265052,0.568754496
PI656054,-0.472949153,13.80640969,0.196350608,0.092315064,-0.015357448,0.073228369,0.499641257
PI656055,0.731618417,10.88773633,-0.0629285,-1.104000881,0.023693136,0.37449796,0.603427886
PI656056,0.154460259,11.16916697,0.245401868,-0.225131526,-0.192363668,-0.041544831,0.430668212
PI656057,0.301938324,-29.33902109,-0.162555818,1.498767158,-0.272140775,-0.63176216,1.384912747
PI656058,0.642991952,2.107099278,0.139018765,0.52417256,-0.233750115,-0.096010201,1.482264957
PI656059,0.234677167,-31.56438062,-0.185443174,-0.450422039,-0.066637829,-0.306797857,1.286226945
PI656060,0.406390943,-0.000370049,-0.182750544,-0.105156891,0.047405014,0.399591729,-0.106043012
PI656061,-0.116663462,48.69119511,0.433861772,0.302463836,-0.030505443,0.143635289,0.144672268
PI656062,0.123894086,-19.65164827,0.035352502,1.386758063,-0.335372451,-0.377060409,-0.234067835
PI656063,-0.724384753,6.959377198,0.3029186,0.46305605,-0.2016496,-0.648188398,0.779176667
PI656065,0.205398782,-0.928937336,-0.022539047,2.588835051,-0.018084935,0.540116833,-0.283410736
PI656066,0.004051279,31.98949531,0.044644571,0.564416948,0.190559759,1.045494557,-1.146757097
PI656068,-0.010628227,-25.85325518,-0.111395844,-0.190607128,-0.117448997,-0.267902516,2.039706376
PI656069,0.100899039,-4.170848469,-0.111161988,0.491904959,0.113935647,0.473464107,0.349753568
PI656070,0.123102778,0.567249452,-0.322767315,-0.237951179,0.101603594,0.743376358,0.112666062
PI656071,-0.941206108,-22.61054685,0.06631775,0.521863094,-0.255203719,-1.085959371,1.186207552
PI656072,-0.304354978,-3.640196665,0.087068005,1.599863532,-0.013918285,0.391561837,-0.197083872
PI656074,-0.30815993,-24.57538358,0.305961838,1.248190111,-0.412153771,-1.351953318,0.90615325
PI656075,0.687305185,-17.1221029,-0.270261026,-1.181367988,0.013530902,-0.029511714,0.700780096
PI656076,0.267120784,-22.19720342,-0.351039932,0.044958391,0.381629586,1.025681254,0.115333246
PI656077,-0.557421863,16.46350636,0.047469338,1.652346639,0.040630192,1.068340661,-0.778173336
PI656078,-1.007240518,73.01773021,0.221627515,1.496663145,0.817449366,3.438080822,-5.189962342
PI656079,0.438043252,38.54972669,0.600804845,-0.912315214,-0.065508692,-0.083463316,0.816802592
PI656080,-1.281508139,-88.28699378,-0.850540265,-2.416496143,-0.164225863,-1.376934041,3.553727398
PI656082,-0.445056166,19.77753098,-0.108703214,-1.567048789,0.223550397,0.543880898,-2.06375594
PI656083,-0.495699861,-4.101784804,0.060932489,-1.505847943,0.281136387,0.211388464,0.188680801
PI656085,0.684139954,-8.901808176,-0.015807472,0.293225972,-0.190842906,-0.265393139,-0.487450299
PI656086,0.613713566,39.93675588,0.169984012,-1.433099768,0.354530296,0.85378894,-1.78503523
PI656087,0.045011942,2.172648811,-0.009272594,0.737955472,-0.012455679,0.194876158,-0.393901404
PI656088,0.072968102,-32.34065057,-0.434537499,-0.263427345,-0.030945511,0.071232648,1.551048444
PI656089,-0.490160707,27.57866054,0.268265015,0.962971076,0.206613341,0.772234192,-1.083565884
PI656090,0.016276236,74.22534006,1.024894102,-1.397303047,0.115153238,-0.020728895,-1.160914215
PI656091,-0.265254653,-42.89144521,-0.43642644,2.082093712,-0.118306699,0.001878116,0.803756977
PI656092,-0.638926558,13.46967734,0.33288814,3.158118388,-0.063250418,0.579012174,-2.12643476
PI656093,0.342295018,25.88453464,0.577917488,0.267821848,0.032726233,-0.092246136,0.554084985
PI656094,0.230720629,11.73479928,0.098629312,-0.168667202,0.054179837,-0.222733732,-1.356952226
PI656095,0.465739022,-3.544353345,-0.097932693,0.331332159,-0.030505443,0.197586892,-0.656816472
PI656096,-0.262394428,-30.25216351,-0.441540238,2.625189409,-0.075934435,0.337363954,1.037451015
PI656097,0.289580026,-18.75445117,-0.280527391,1.151366742,-0.020095801,0.580473661,0.420315511
PI656098,0.695218262,8.5488529,0.102668257,0.156967486,-0.222458744,-0.348202575,0.203350312
PI656099,-0.206081234,-61.56379898,-0.437204098,-0.703308552,-0.225846155,-0.914067056,3.613344833
PI656100,-1.723305262,17.14328049,0.280466078,0.49905202,0.136897993,0.411322975,1.35129272
PI656101,-0.457383659,33.08944779,0.324980622,0.881921386,0.29388045,1.122396438,-1.60092793
PI656102,0.407182251,2.910499188,-0.103317953,-2.34995772,0.247262275,-0.133650854,0.179345658
PI656103,-0.816179488,11.80029384,0.386740744,-2.038179827,-0.027118032,-0.940415513,0.343377463
PI656104,2.2976164,47.07129638,0.540220666,-0.272593167,-0.138902601,-0.35196664,-1.918394421
PI656105,1.279203361,-36.28581052,-0.635112418,-2.29106634,-0.280044735,-1.393358036,0.943493824
PI656107,0.121520163,-16.17752583,-0.030616938,1.19276293,-0.155839657,-0.515076136,0.547417026
PI656108,0.2789904,24.44219893,0.025928297,0.648883717,0.282265524,1.195064192,-1.458305211
PI656109,0.235765455,32.98626414,0.067639853,0.492863483,0.359750436,0.937781963,-3.262208689
PI656110,0.812816892,89.4340096,0.611949813,-0.90757042,0.427026063,1.099690068,-3.955862157
PI656111,-0.618352558,-19.37802656,0.161906122,-0.10862109,-0.347792958,-1.190098511,2.409111336
PI656112,-0.960197494,-5.676565061,-0.019846417,4.364814307,0.071116893,1.034464073,-1.560991789
PI656113,-0.94753657,228.5319737,2.569117524,0.652347916,0.522771719,2.008102294,-6.003186451
PI656114,-0.250394467,-9.195805969,-0.166594763,1.143109414,0.095957908,0.663076299,-0.148717953
PI656115,-0.134072231,31.80524267,0.047469338,-0.71832008,0.815218219,1.919019416,-0.243402979
PI656116,0.464947715,0.664763571,-0.017153787,-0.050884443,0.032726233,-0.255355631,-0.150051545
PI656117,0.100863835,-46.25549734,-0.645205364,-1.419442609,0.08080363,0.089302918,1.803747461
PI656118,-0.268775575,11.37231585,-0.214448356,-3.649153963,0.507737559,0.332441195,-1.515306313
PI656119,1.932032232,-14.24761953,-0.426433578,0.506851566,0.104991005,0.556427782,0.746122221
PI656120,0.012643774,-50.52604757,-0.509582993,-0.18859452,-0.152060321,-0.44886196,1.690326671
PI656121,0.544869795,11.89635252,-0.069660076,-2.85342128,0.254037097,-0.094755512,-0.312749758
PI659691,-0.142776616,-85.61631148,-0.605493486,1.308236224,-0.505872148,-1.569014416,3.15058844
PI659695,-1.143780885,8.305795319,-0.042733774,3.900611667,-0.132127779,0.748395112,-0.534126016
PI659696,-0.168098463,-68.720171,-0.559718773,-1.600536044,-0.373763111,-1.786075514,1.311565192
PI659753,-0.523791285,-51.59116097,0.013138303,1.733177944,-0.459012959,-1.426607279,2.766513969